Pod,Run,Difficulty
Alpine Springs,Coffee Pot (Lower),Intermediate
Alpine Springs,Coffee Pot (Upper),Intermediate
Alpine Springs,Galavant,Intermediate
Alpine Springs,Granite,Intermediate
Alpine Springs,Green Cabin (Lower),Intermediate
Alpine Springs,Lodgepole,Intermediate
Alpine Springs,Log Deck,Intermediate
Alpine Springs,Lunkerville,Intermediate
Alpine Springs,Naked Lady,Intermediate
Alpine Springs,Slider (Lower),Intermediate
Alpine Springs,Slider (Upper),Intermediate
Alpine Springs,Tom's Trace,Advanced
Alpine Springs,Turkey Trot,Intermediate
Big Burn,Camp Three,Advanced
Big Burn,Coyote Hollow,Intermediate
Big Burn,Dallas Freeway,Intermediate
Big Burn,Free Fall,Advanced
Big Burn,Free Fall Glades,Advanced
Big Burn,Garrett Gulch,Advanced
Big Burn,Glissade,Advanced
Big Burn,Jack of Hearts,Intermediate
Big Burn,Max Park,Intermediate
Big Burn,Mick's Gully,Intermediate
Big Burn,Powerline,Advanced
Big Burn,Rocky Mountain High,Intermediate
Big Burn,Sheer Bliss,Intermediate
Big Burn,Sneaky's,Intermediate
Big Burn,Sneaky's Glades,Advanced
Big Burn,Timberline,Intermediate
Big Burn,Trestle,Intermediate
Big Burn,West Face,Advanced
Big Burn,West Garrett,Extreme Terrain
Big Burn,Whispering Jesse,Intermediate
Big Burn,Wineskin,Intermediate
Campground,Bear Claw,Advanced
Campground,Campground (Lower),Advanced
Campground,Powderhorn,Expert
Campground,Slot (Lower),Advanced
Campground,Wildcat (Lower),Advanced
Cirque,A.M.F.,Expert
Cirque,Buckskin,Expert
Cirque,Buckskin Cliffs,Extreme Terrain
Cirque,Burn Cliffs,Extreme Terrain
Cirque,Cirque Cornice,Extreme Terrain
Cirque,Cirque Dikes,Expert
Cirque,Cirque Headwall,Expert
Cirque,East Wall,Expert
Cirque,Gowdy's,Extreme Terrain
Cirque,Hang On Halvin's,Expert
Cirque,High Pass,Advanced
Cirque,K.T. Gully,Expert
Cirque,Little Headwall,Expert
Cirque,Ptarmigan,Expert
Cirque,Rock Island,Extreme Terrain
Cirque,Sunkiss Glades,Expert
Coney Express,Banzai (Lower),Intermediate
Coney Express,Blue Grouse (Lower),Intermediate
Coney Express,Blue Grouse (Upper),Intermediate
Coney Express,Cabin,Intermediate
Coney Express,Cabin Cut Off,Intermediate
Coney Express,Coney Glade,Intermediate
Coney Express,Dawdler,Beginner
Coney Express,Fanny Hill,Beginner
Coney Express,Hal's Hollow (Lower),Intermediate
Coney Express,Hal's Hollow (Upper),Intermediate
Coney Express,Lunchline (Lower),Beginner
Coney Express,Lunchline (Upper),Beginner
Coney Express,Monkshood,Intermediate
Coney Express,Nor Way,Beginner
Coney Express,Scooper (Lower),Beginner
Coney Express,Scooper (Upper),Beginner
Coney Express,Velvet Falls (Lower),Intermediate
Coney Express,Velvet Falls (Upper),Intermediate
Elk Camp,Adam's Avenue (Lower),Intermediate
Elk Camp,Adam's Avenue (Upper),Intermediate
Elk Camp,Assay Hill,Beginner
Elk Camp,Bear Bottom,Intermediate
Elk Camp,Bottoms Up,Intermediate
Elk Camp,Bull Run,Intermediate
Elk Camp,Burnt Mountain Glades,Advanced
Elk Camp,Drumstick,Intermediate
Elk Camp,Elk Camp Meadows (Beginner),Beginner
Elk Camp,Funnel,Intermediate
Elk Camp,Funnel Bypass,Beginner
Elk Camp,Grey Wolf,Intermediate
Elk Camp,Gunner's View,Intermediate
Elk Camp,Long Shot,Intermediate
Elk Camp,No Name,Intermediate
Elk Camp,Sandy Park,Intermediate
Hanging Valley,Baby Ruth,Extreme Terrain
Hanging Valley,Hanging Vly Glades,Expert
Hanging Valley,Hanging Vly Headwall,Expert
Hanging Valley,High Pass (Lower BD),Expert
Hanging Valley,Lower Ladder,Expert
Hanging Valley,Possible,Extreme Terrain
Hanging Valley,Roberto's,Extreme Terrain
Hanging Valley,West 1 & 2,Extreme Terrain
High Alpine,Cookies,Advanced
High Alpine,Green Cabin (Upper),Intermediate
High Alpine,Grinder,Advanced
High Alpine,Reidar's,Advanced
High Alpine,Rock Band Chute,Extreme Terrain
High Alpine,Showcase,Advanced
High Alpine,The Edge,Advanced
Sam's Knob,Banzai Ridge,Intermediate
Sam's Knob,Campground (Upper),Advanced
Sam's Knob,Fast Draw,Advanced
Sam's Knob,Howler,Advanced
Sam's Knob,Moonshine,Intermediate
Sam's Knob,Mousetrap,Intermediate
Sam's Knob,Pipeline,Intermediate
Sam's Knob,Promenade,Advanced
Sam's Knob,Slot (Upper),Advanced
Sam's Knob,Sunnyside,Intermediate
Sam's Knob,Ute Chute,Intermediate
Sam's Knob,Wildcat (Upper),Advanced
Sam's Knob,Zugspitze,Advanced
Two Creeks,Cascade (Lower),Intermediate
Two Creeks,Cascade (Upper),Intermediate
Two Creeks,Creekside (Lower),Intermediate
Two Creeks,Creekside (Upper),Intermediate
Two Creeks,East Branch,Intermediate
Two Creeks,Eddy Out,Intermediate
Two Creeks,West Fork,Intermediate
Pipes/Parks,13' Pipe,Terrain Park
Pipes/Parks,Fanny Hill Park,Terrain Park
Pipes/Parks,Low Down Mini Pipe,Terrain Park
Pipes/Parks,Low Down Park,Terrain Park
Pipes/Parks,Makaha Park,Terrain Park
Pipes/Parks,Snowmass Park,Terrain Park
